{
	"Risk": [{
			"COLUMN_NAME": "ID",
			"ORDINAL_POSITION": "1",
			"IS_NULLABLE": "NO",
			"DATA_TYPE": "int",
			"CHARACTER_MAXIMUM_LENGTH": ""
		}, {
			"COLUMN_NAME": "Risk_Name",
			"ORDINAL_POSITION": "2",
			"IS_NULLABLE": "YES",
			"DATA_TYPE": "varchar",
			"CHARACTER_MAXIMUM_LENGTH": "100"
		}, {
			"COLUMN_NAME": "Project_Name",
			"ORDINAL_POSITION": "3",
			"IS_NULLABLE": "YES",
			"DATA_TYPE": "varchar",
			"CHARACTER_MAXIMUM_LENGTH": "100"
		}, {
			"COLUMN_NAME": "RCA",
			"ORDINAL_POSITION": "4",
			"IS_NULLABLE": "YES",
			"DATA_TYPE": "varchar",
			"CHARACTER_MAXIMUM_LENGTH": "100"
		}, {
			"COLUMN_NAME": "Solution",
			"ORDINAL_POSITION": "5",
			"IS_NULLABLE": "YES",
			"DATA_TYPE": "varchar",
			"CHARACTER_MAXIMUM_LENGTH": "100"
		}
	]
}